{"rewards": 1.5319516452975113, "_timestamp": 1687245081.4203794, "_runtime": 1.3572254180908203, "_step": 0, "_wandb": {"runtime": 166}}