{"rewards": 1.5319516452975113, "_timestamp": 1687245320.598482, "_runtime": 2.15305495262146, "_step": 0, "_wandb": {"runtime": 761}}