{"test": 0, "_timestamp": 1687110017.2824247, "_runtime": 1054.6957857608795, "_step": 1072, "_wandb": {"runtime": 1055}}