{"rewards": 1.5450426399333168, "_timestamp": 1687110969.402598, "_runtime": 361.6703119277954, "_step": 585}