{"rewards": 0.7051036008266354, "_timestamp": 1687110364.761587, "_runtime": 117.84057188034058, "_step": 269}